pathway	pval	padj	log2err	ES	NES	size	leadingEdge	enriched_in	abs_NES
HALLMARK_EPITHELIAL_MESENCHYMAL_TRANSITION	1.80500719697629e-22	9.02503598488145e-21	1.22950405660873	0.879202750442922	2.02585005918775	198	SPARC;CALD1;COL1A2;BGN;COL6A2;EFEMP2;COL5A2;COL1A1;MYL9;VIM;DCN;FN1;COL5A1;NNMT;THY1;COL3A1;FSTL1;PCOLCE;EMP3;SERPINE1;MMP2;LGALS1;LOX;LOXL2;COL6A3;VCAN;TGFBI;THBS2;IGFBP4;PLOD2;THBS1;CTHRC1;TPM2;CXCL12;FBLN1;ACTA2;MGP;TAGLN;IGFBP3;MXRA5;SERPINE2;GJA1;LUM;PFN2;PDLIM4;IGFBP2;VCAM1;FAP;SERPINH1;P3H1;TGFB1;TIMP3;GLIPR1;FERMT2;CALU;TIMP1;PPIB;PLOD1;DPYSL3;DAB2;HTRA1;ECM1;FBN1;FLNA;GPX7;SPOCK1;SLIT3;ITGB1;ITGA5;ENO2;CDH11;BMP1;SNAI2;PMP22;COL12A1;TPM4;POSTN;ABI3BP;MEST;PTX3;LRP1;IL6;CDH2;BASP1;SGCB;EDIL3;TFPI2;FSTL3;MMP14;COL4A1;TNC;LAMC1;NID2;COL4A2;LOXL1;SCG2;FBLN2;TPM1;ADAM12;PDGFRB;FAS;FBLN5;VEGFA;FMOD;GAS1;QSOX1;CDH6;RGS4;INHBA;WNT5A;CD59;MYLK;ITGAV;WIPF1;ECM2;SGCD;SPP1;VEGFC;GADD45B;SFRP1;NTM;ELN;PRRX1;SLIT2;APLP1;PCOLCE2;CAP2;NOTCH2;ID2;PLAUR;CADM1	Selected Diffuse/EMT clusters	2.02585005918775
HALLMARK_HYPOXIA	1.62412602309864e-08	4.06031505774659e-07	0.73376198835648	0.765383329207846	1.76140539454687	196	BGN;CAV1;DCN;COL5A1;SERPINE1;LOX;TGFBI;TMEM45A;CAVIN1;IGFBP3;LXN;SLC2A3;CAVIN3;P4HA1;PLIN2;BNIP3L;MT2A;LDHA;ANGPTL4;P4HA2;CA12;NR3C1;TPBG;ENO2;PGK1;DDIT4;AK4;STC1;TPI1;STC2;IL6;ACKR3;GPC3;SDC2;GAPDH;SRPX;HEXA;PAM;PNRC1;KDELR3;PGM1;ERRFI1;MIF;ADM;MT1E;ALDOA;GBE1;CSRP2;DUSP1;AKAP12;KLF7;VEGFA;HSPA5;ENO1;RORA;IDS;NAGK;WSB1;CITED2;ETS1;DTNA;UGP2;FAM162A;GLRX;CDKN1C;PLAUR;RBPJ;CP;VLDLR;TGFB3;PPP1R3C;SLC2A5;HMOX1;HDLBP;PIM1;IGFBP1;NDRG1;GAA;NDST1;JUN;MXI1;TGM2;CDKN1A;HAS1;CCNG2;F3;ALDOC;CHST2	Selected Diffuse/EMT clusters	1.76140539454687
HALLMARK_OXIDATIVE_PHOSPHORYLATION	2.10745817203271e-06	3.40702158414621e-05	0.627256739718528	-0.649632430780328	-1.73979827066232	200	COX5B;COX6B1;COX4I1;SLC25A5;ATP5F1D;ATP5F1E;COX5A;COX6A1;COX6C;NDUFS7;CYCS;ATP5MC3;COX7B;COX7A2;COX8A;CYC1;MRPS12;UQCRC1;UQCRFS1;ECI1;ATP5MF;TIMM13;NDUFS8;ETFB;UQCRQ;ATP5ME;ATP5MG;NDUFB7;UQCR11;NDUFB3;ATP5MC1;COX17;NDUFA6;NDUFS6;NDUFA1;UQCR10;LRPPRC;UQCRH;ATP1B1;RETSAT;MDH2;COX7C;ATP5F1B;AIFM1;POR;CPT1A;NDUFB2;MRPL34;OGDH;NDUFA3;NDUFV1;NDUFA7;FDX1;ACAA1;ACADVL;AFG3L2;NDUFB1;TIMM10;UQCRB;ACO2;RHOT2;SDHB;MFN2;PDHA1;ALAS1;MRPS15;DLD;COX10;NDUFA4;CS;OPA1;NDUFB4;TIMM50;ECHS1;NDUFAB1;IDH1;ATP6V0B;GOT2;SLC25A3	Selected Intestinal clusters	1.73979827066232
HALLMARK_INTERFERON_GAMMA_RESPONSE	2.72561726731697e-06	3.40702158414621e-05	0.627256739718528	0.7231984483234	1.66432374418602	196	SERPING1;C1S;C1R;CFH;VAMP5;CCL2;CFB;IFITM2;VCAM1;MT2A;IFITM3;TNFAIP6;B2M;LY6E;SSPN;ICAM1;ARID5B;LGALS3BP;IL6;UBE2L6;CD40;SOD2;TXNIP;FAS;CASP4;IFIT1;IFIT3;XAF1;CASP1;SOCS3;IFI44;IL18BP;BST2;IFI35;IFI44L;PIM1;MX1;HLA-A;ST3GAL5;PML;CDKN1A;PSMB9;LCP2;IFIT2;HIF1A;PTGS2;SAMD9L;HLA-B;STAT2;PDE4B;NAMPT;GBP4;EIF2AK2	Selected Diffuse/EMT clusters	1.66432374418602
HALLMARK_COAGULATION	6.15589847909656e-06	6.15589847909657e-05	0.610526878385931	0.762596943234917	1.68387437076225	130	SPARC;SERPING1;C1S;FN1;C1R;SERPINE1;MMP2;CFH;THBS1;PRSS23;C3;CFI;CFB;PLAT;TIMP3;ANXA1;TIMP1;HTRA1;CTSB;FBN1;CRIP2;BMP1;C2;ARF4;CLU;LRP1;PROS1;TFPI2;MMP14;GSN;CTSK;CPQ;SERPINB2;A2M;LAMP2;CTSO;KLF7;MMP11;PLAU;ISCU;FYN;DUSP14;APOC1;USP11	Selected Diffuse/EMT clusters	1.68387437076225
HALLMARK_MYOGENESIS	2.43737373087662e-05	0.000203114477573052	0.575610261071129	0.707737455236253	1.61645404544629	187	SPARC;IGFBP7;COL6A2;COL1A1;COL3A1;AEBP1;COL6A3;TPM2;TAGLN;IGFBP3;CNN3;CRYAB;SORBS3;PTGIS;TGFB1;FXYD1;HSPB8;PRNP;DES;ITGB1;PDLIM7;SSPN;COX7A1;MYL6B;SOD3;CLU;STC2;WWTR1;IGF1;GSN;CDH13;COL4A2;FHL1;HSPB2;ADAM12;SPHK1;MYLK;COL15A1;PKIA;GABARAPL2;SGCD;GADD45B;FST;PDE4DIP;EFS;MEF2C;GPX3;DMD;DTNA;MRAS;SPEG;TNNT1;KIFC3;ITGB5;EIF4A2;PPP1R3C;CD36;LSP1;CHRNB1;FGF2;APOD;GAA;TPD52L1;CFD;PFKM;CDKN1A;MYH11;APLNR;MAPRE3;MAPK12;SGCA	Selected Diffuse/EMT clusters	1.61645404544629
HALLMARK_G2M_CHECKPOINT	4.82431821729483e-05	0.000344594158378202	0.557332238758646	-0.616807167796282	-1.63705039888563	194	HMGA1;JPT1;CCND1;MKI67;CKS2;CDC20;TMPO;ODC1;UBE2C;CENPF;HMGB3;UBE2S;LBR;DDX39A;SLC12A2;TROAP;TPX2;NUSAP1;CDKN3;MYBL2;CKS1B;BIRC5;TOP2A;TOP1;SLC7A1;CCNB2;AURKA;ILF3;EZH2;CDK1;PLK1;NOLC1;GSPT1;CENPA;ORC6;PBK;GINS2;UPF1;NEK2;CCNA2;TACC3;PRC1;MCM5;AURKB;MAD2L1;KIF20B;SLC7A5;PTTG1;DBF4;E2F4;KNL1;BCL3;KMT5A;MCM2;CENPE;CDC6;CDC25B;CHAF1A;HMMR;KIF2C;STIL;NSD2;RACGAP1;TFDP1;E2F1;SFPQ;NUP50;CDC45;KIF23;POLE;INCENP;MCM3;DKC1;RPS6KA5;NUP98;SLC38A1;BUB1;KIF4A;TTK;CHMP1A;HNRNPU;KIF15;AMD1;KIF11;POLQ;E2F2;CUL4A;SMC1A;NCL;BARD1;SMC4;UCK2;KPNA2;HMGN2;TRAIP;KIF5B;RAD21;RAD54L;LIG3;EXO1;DTYMK;ATF5;CCNF;CCNT1;ESPL1;HNRNPD;SQLE;HIRA;HOXC10;SMARCC1;CTCF	Selected Intestinal clusters	1.63705039888563
HALLMARK_E2F_TARGETS	6.05250023347613e-05	0.000378281264592258	0.557332238758646	-0.608446882189473	-1.62261673394548	198	HMGA1;JPT1;MKI67;CKS2;CDC20;SNRPB;TMPO;HMGB3;UBE2S;LBR;DCTPP1;DDX39A;CENPM;UBE2T;TK1;CDKN3;MYBL2;CDCA3;ASF1B;CDCA8;CKS1B;BIRC5;TOP2A;TFRC;MCM7;CCNB2;AURKA;ILF3;EZH2;RAD51AP1;CDK1;PLK1;NOLC1;GSPT1;RRM2;NOP56;SHMT1;ORC6;TBRG4;DNMT1;TACC3;MCM5;AURKB;MAD2L1;MCM4;ATAD2;PTTG1;MELK;MCM2;CENPE;E2F8;CDC25B;CSE1L;SPAG5;DLGAP5;HMMR;HELLS;KIF2C;NCAPD2;RANBP1;RACGAP1;TIMELESS;WDR90;LIG1;WEE1;POLE;DEPDC1;HMGB2;SPC25;MCM3;DSCC1;POP7;TRIP13;KIF4A;GINS1;DEK;PNN;TCF19;SPC24;BUB1B;CIT;RNASEH2A;KIF18B;POLD1;SMC1A;BARD1;SMC4;KPNA2;RAD21;BRCA1;RFC3;CTPS1;ESPL1;ANP32E;HNRNPD;PCNA;NUP205	Selected Intestinal clusters	1.62261673394548
HALLMARK_ANGIOGENESIS	0.000340066196921758	0.00188925664956532	0.49849310876659	0.857356927797108	1.6031125377394	36	COL5A2;COL3A1;FSTL1;VCAN;LUM;TIMP1;STC1;POSTN;VTN;FGFR1;VEGFA;ITGAV;SPP1;LRPAP1;NRP1;THBD;KCNJ8	Selected Diffuse/EMT clusters	1.6031125377394
HALLMARK_UV_RESPONSE_DN	0.000408536184452695	0.00204268092226347	0.49849310876659	0.695654031365635	1.54385410623267	141	COL1A2;CAV1;COL5A2;COL1A1;COL3A1;EFEMP1;SERPINE1;GJA1;IGFBP5;DAB2;NR3C1;MAP1B;SNAI2;PMP22;SDC2;LAMC1;RBPMS;TFPI;MT1E;ATP2B4;PDGFRB;FBLN5;DUSP1;RUNX1;CELF2;AKT3;ADGRL2;RGS4;SYNE1;DLC1;LTBP1;NRP1;CITED2;FYN;CAP2;NOTCH2;PLPP3;CDON;PTPRM;VLDLR;SPOP;PTGFR;HAS2;LPAR1;MGMT;TGFBR2;AGGF1;BDNF;PIAS3;F3;PRKAR2B;KCNMA1;GRK5;ITGB3;ZMIZ1;MAGI2;MYC;COL11A1;NEK7;APBB2;PIK3CD;ATRX	Selected Diffuse/EMT clusters	1.54385410623267
HALLMARK_INTERFERON_ALPHA_RESPONSE	0.000759749909505242	0.00316562462293851	0.477270815362862	0.733949017208754	1.55954971014521	96	C1S;IFITM2;IFITM3;B2M;LY6E;IFITM1;LGALS3BP;UBE2L6;TXNIP;PROCR;GBP2;HLA-C;CSF1;IFIT3;CASP1;IFI44;BST2;IFI35;IFI44L;SAMD9;TMEM140;MX1;CNP;PSMB9;IFIT2;SAMD9L;STAT2;TRIM5;GBP4;EIF2AK2	Selected Diffuse/EMT clusters	1.55954971014521
HALLMARK_ALLOGRAFT_REJECTION	0.00075674486672261	0.00316562462293851	0.477270815362862	0.655469947376336	1.50785823724374	194	THY1;F2R;BCAT1;CCL2;TGFB1;TIMP1;FLNA;RPS3A;B2M;DEGS1;C2;ICAM1;IL6;CD40;CD7;RPL9;FAS;INHBA;APBB1;NPM1;GBP2;CSF1;ETS1;SRGN;SOCS5;HLA-E;TGFB2;IFNGR2;HLA-A;CD4;LCP2;HIF1A;INHBB;CCL11;CCL4;IL11;RPL39	Selected Diffuse/EMT clusters	1.50785823724374
HALLMARK_COMPLEMENT	0.00137103238517259	0.00527320148143303	0.45505986738723	0.629186010598002	1.44976402333584	198	SERPING1;C1S;FN1;C1R;SERPINE1;CFH;C3;CTSL;CFB;PLAT;TIMP2;ANXA5;TIMP1;CTSB;PRCP;C2;CLU;LRP1;IL6;TFPI2;MMP14;GNB4;ZEB1;CDH13;CPQ;COL4A2;SERPINB2;LAMP2;MT3;CTSO;GNAI2;CASP4;HSPA5;HSPA1A;CD59;ATOX1;GNG2;FYN;APOC1;APOBEC3G;CASP1;PLAUR;ZFPM2;CP;CD36;F10	Selected Diffuse/EMT clusters	1.44976402333584
HALLMARK_INFLAMMATORY_RESPONSE	0.00355343509406243	0.0126908396216515	0.431707695803346	0.621803840919487	1.43232242655132	199	EMP3;SERPINE1;PDPN;CCL2;IL1R1;TIMP1;TNFAIP6;ITGA5;TPBG;LY6E;IFITM1;ICAM1;IL6;GPC3;MMP14;CD40;OSMR;BDKRB1;AXL;ABCA1;DCBLD2;ADM;PTGIR;SPHK1;INHBA;CSF1;TNFRSF9;CD14;PLAUR;BST2;MARCO;GABBR1;HAS2;LPAR1;GNAI3;IFNGR2;CALCRL;PCDH7;CDKN1A;LCP2;HIF1A;F3;APLNR;CHST2;PDE4B;CXCL6;NAMPT;EIF2AK2;ITGB3	Selected Diffuse/EMT clusters	1.43232242655132
HALLMARK_GLYCOLYSIS	0.0076742786775168	0.025580928925056	0.407017918923954	0.593382041399097	1.36651209960187	197	DCN;COL5A1;VCAN;TGFBI;PLOD2;IGFBP3;P4HA1;LDHA;PLOD1;ANGPTL4;P4HA2;PGAM1;TPBG;ENO2;PGK1;DDIT4;AK4;STC1;TPI1;SLC16A3;STC2;GPC3;SDC2;PAM;EGLN3;KDELR3;MIF;SPAG4;ALDOA;CHPF;PYGL;PKM;VEGFA;HSPA5;QSOX1;ENO1;CHST12;TPST1;HS2ST1;CITED2;UGP2;FAM162A;GLRX;MPI;B4GALT7;NT5E;VLDLR;PGLS	Selected Diffuse/EMT clusters	1.36651209960187
HALLMARK_APOPTOSIS	0.0122303077995158	0.0382197118734868	0.380730400722792	0.605889282624457	1.35986502193781	159	BGN;CAV1;DCN;IGFBP6;MMP2;F2R;LUM;PLAT;TIMP2;TIMP3;ANXA1;BNIP3L;TIMP1;IFITM3;ENO2;FEZ1;CLU;IL6;GSN;SOD2;PEA15;TXNIP;PDGFRB;FAS;CASP4;GADD45B;GPX3;HSPB1;CD14;DPYD;CASP1	Selected Diffuse/EMT clusters	1.35986502193781
HALLMARK_MYC_TARGETS_V2	0.0145791180501114	0.0428797589709159	0.380730400722792	-0.666814573611376	-1.47032588835433	57	HSPE1;HSPD1;DCTPP1;TMEM97;PLK1;SLC29A2;NOLC1;NOP56;RRP12;PUS1;TBRG4;SORD;MCM5;MCM4;NOP2;NOP16;WDR43;PPRC1;AIMP2;IMP4;TCOF1;NOC4L;GRWD1;WDR74;EXOSC5;MYBBP1A;BYSL;FARSA;NDUFAF4;PRMT3;DUSP2	Selected Intestinal clusters	1.47032588835433
HALLMARK_APICAL_JUNCTION	0.0237483421423668	0.0642751782520266	0.352487857583619	0.579577059120363	1.33327248062279	194	MYL9;THY1;MMP2;CERCAM;VCAN;TGFBI;TSPAN4;VCAM1;SORBS3;CD99;SGCE;CALB2;FBN1;CADM3;FSCN1;ITGB1;ACTG1;GAMT;CDH11;BMP1;LAYN;ICAM1;ACTN1;PARVA;MSN;MYH10;NEXN;RAC2;CNN2;ACTB;GNAI2;FLNC;THBS3;CDH6;AKT3;GNAI1;SHC1;RSU1;JAM3;CD276;ARPC2;SLIT2;SPEG;CLDN11;EVL;ADAMTS5;CDH15;CAP1;DSC3;ZYX;NFASC	Selected Diffuse/EMT clusters	1.33327248062279
HALLMARK_ESTROGEN_RESPONSE_LATE	0.0244245677357701	0.0642751782520266	0.352487857583619	-0.492976696297365	-1.30839545882428	194	PKP3;TFF1;LSR;ST14;CDH1;SFN;AGR2;LLGL2;PERP;TSPAN13;TFF3;AREG;CA2;COX6C;TJP3;KRT19;LAMC2;ITPK1;MAPK13;HMGCS2;FABP5;GJB3;ABHD2;TOB1;BLVRB;CCND1;SCNN1A;ETFB;TST;CDC20;IMPA2;TRIM29;KLF4;DCXR;BAG1;GALE;SERPINA1;TOP2A;SULT2B1;PTPN6;NMU;PLXNB1;TMPRSS3;HR;OVOL2;FKBP4;UNC13B;FRK;ALDH3A2;RAPGEFL1;FLNB;GINS2;SORD;SLC2A8;CD9;SLC27A2;SLC7A5;CHPT1;CDC6;TNNC1;EMP2;IL17RB;STIL;XRCC3;KCNK5;MYB;SCARB1;FDFT1	Selected Intestinal clusters	1.30839545882428
HALLMARK_TGF_BETA_SIGNALING	0.0449275362318841	0.105708245243129	0.257206466468838	0.689890750441737	1.37007615204048	54	SERPINE1;THBS1;RAB31;TGFB1;ENG;WWTR1;LTBP2;FKBP1A;RHOA;BMPR2;UBE2D3;CDKN1C;ID2;ID3;IFNGR2;NOG;ACVR1	Selected Diffuse/EMT clusters	1.37007615204048
HALLMARK_IL6_JAK_STAT3_SIGNALING	0.0439093484419263	0.105708245243129	0.257206466468838	0.637013142790061	1.34109313699593	86	IL1R1;TGFB1;IL6ST;TNFRSF1A;IL6;PDGFC;OSMR;A2M;FAS;CSF1;MAP3K8;ACVRL1;CD14;SOCS3;CD36;HMOX1;PIM1;IFNGR2;JUN;ITGA4;STAT2;TNFRSF12A;ITGB3;PTPN2;LEPR;IL10RB;IL13RA1;EBI3;IL1B;IL18R1;CSF2RB;CCL7;INHBE;IFNAR1;IL3RA	Selected Diffuse/EMT clusters	1.34109313699593
HALLMARK_UNFOLDED_PROTEIN_RESPONSE	0.0465116279069768	0.105708245243129	0.245041785430996	0.602532336914385	1.2953674949116	109	CCL2;SEC11A;DDIT4;STC2;HSP90B1;SEC31A;KDELR3;PDIA6;VEGFA;HSPA5;SHC1;WIPI1;FKBP14;DNAJB9;NPM1;IFIT1;EIF4EBP1;PDIA5;SSR1;RPS14;CALR;TSPYL2;EIF4A2;YIF1A	Selected Diffuse/EMT clusters	1.2953674949116
HALLMARK_HEDGEHOG_SIGNALING	0.0992	0.215652173913043	0.178219874951973	0.704877301689638	1.32350814416661	35	THY1;DPYSL2;SCG2;NRP2;VEGFA;NRP1;CRMP1;VLDLR;UNC5C;PML;HEY2	Selected Diffuse/EMT clusters	1.32350814416661
HALLMARK_MTORC1_SIGNALING	0.104761904761905	0.216666666666667	0.147331213699377	0.527857678036238	1.2147786947598	196	PLOD2;NUPR1;BCAT1;SLC2A3;SERPINH1;P4HA1;IGFBP5;LDHA;SEC11A;PGK1;DDIT4;AK4;STC1;TPI1;MLLT11;ELOVL5;HSP90B1;GAPDH;EGLN3;PGM1;PHGDH;ALDOA;GBE1;HSPA5;ENO1;FADS2;UBE2D3;CCNG1;CANX;GLRX;SSR1;SHMT2;FADS1;CALR;VLDLR;PSMB5;TCEA1;USO1	Selected Diffuse/EMT clusters	1.2147786947598
HALLMARK_IL2_STAT5_SIGNALING	0.108333333333333	0.216666666666667	0.144630528034484	0.526626829091075	1.21344819763877	198	COL6A1;SLC2A3;P4HA1;PLIN2;IFITM3;ECM1;PRNP;ITIH5;PRAF2;CKAP4;RNH1;PLPP1;GABARAPL1;GLIPR2;GSTO1;RORA;BMPR2;ITGAV;PHLDA1;SPP1;GADD45B;DENND5A;GUCY1B1;CSF1;MAP3K8;ADAM19;TNFRSF9;NRP1;APLP1;CDKN1C;SYT11;FAH;ST3GAL4;TWSG1;NT5E;FLT3LG;IL1RL1;PIM1;NDRG1;F2RL2;EEF1AKMT1;LRRC8C;PHTF2;TGM2;TNFRSF8;SLC1A5	Selected Diffuse/EMT clusters	1.21344819763877
HALLMARK_ESTROGEN_RESPONSE_EARLY	0.124199404247657	0.238845008168572	0.287805130535564	-0.416381475738392	-1.10619658338603	195	KRT18;KRT8;TFF1;LAD1;SFN;CLDN7;ELF3;TFF3;ABLIM1;AREG;TJP3;SLC37A1;KRT19;ITPK1;MLPH;MUC1;AKAP1;ABHD2;TOB1;BLVRB;CCND1;SCNN1A;ESRP2;KLF4;RAB17;FASN;BAG1;SYBU;TMEM164;SULT2B1;TTC39A;TMPRSS3;HR;WWC1;OVOL2;AQP3;FKBP4;FRK;RAPGEFL1;FLNB;RRP12;TIPARP;SLC27A2;SLC7A5;CHPT1;RETREG1;ISG20L2;IL17RB;DEPTOR;KCNK5;MYB;SCARB1;FDFT1;SLC22A5;CANT1;SIAH2;MREG	Selected Intestinal clusters	1.10619658338603
HALLMARK_SPERMATOGENESIS	0.142857142857143	0.264550264550265	0.231126709673834	-0.462043585582096	-1.15427237243401	111	MAP7;SLC12A2;CDKN3;TNNI3;STRBP;CCNB2;AURKA;EZH2;CDK1;ARL4A;NEK2;DBF4;YBX2;NCAPH;KIF2C;MAST2;CLPB;CFTR;BUB1;TTK;GAD1;IDE;TOPBP1;MTOR;PRKAR2A;ACRBP;ACE;LPIN1	Selected Intestinal clusters	1.15427237243401
HALLMARK_MITOTIC_SPINDLE	0.153374233128834	0.273882559158633	0.287857117255149	-0.411189677865685	-1.09631951986511	197	EZR;ACTN4;NET1;ARHGAP27;RHOF;CD2AP;TUBA4A;MYO1E;CENPF;ECT2;TPX2;NUSAP1;LRPPRC;BIRC5;TOP2A;MAP3K11;CCNB2;AURKA;CDK1;NEDD9;FGD4;PLK1;CDC42EP4;ARF6;SSH2;EPB41;FLNB;NEK2;PRC1;ANLN;KIF20B;CENPE;DLGAP5;KIF2C;RACGAP1;RHOT2;KIF23;INCENP;ATG4B;MAP1S;PCGF5;BUB1;KIF4A;TTK;KIF15;KIF11;RALBP1;MID1;ABR;SPTBN1;SPTAN1;PCNT;SMC1A;ARFGEF1;SAC3D1;SMC4;KIF5B;TUBGCP6;BCL2L11;AKAP13;DLG1;TUBGCP3;ESPL1;KPTN;KIF3B;CKAP5;BCAR1;ARHGEF11;BCR;OPHN1	Selected Intestinal clusters	1.09631951986511
HALLMARK_PROTEIN_SECRETION	0.182825484764543	0.304709141274238	0.117249716749792	0.556547265414243	1.18509552246016	95	BNIP3;CD63;LMAN1;SSPN;CAV2;SEC31A;TMED2;PAM;ABCA1;AP2M1;LAMP2;AP2S1;AP3S1;SCAMP1;VAMP3;SEC22B;RAB2A;SNX2;COPB1;SEC24D;SNAP23;USO1;PPT1	Selected Diffuse/EMT clusters	1.18509552246016
HALLMARK_TNFA_SIGNALING_VIA_NFKB	0.178571428571429	0.304709141274238	0.108820126769161	0.500907575752297	1.15418615498435	198	SERPINE1;CCL2;SLC2A3;IL6ST;TNFAIP6;MARCKS;MSC;ICAM1;GFPT2;PTX3;IL6;ACKR3;PNRC1;SOD2;ABCA1;TNC;EIF1;SERPINB2;DNAJB4;DRAM1;DUSP1;VEGFA;NINJ1;PLAU;SPHK1;INHBA;RCAN1;PHLDA1;GADD45B;DENND5A;CSF1;MAP3K8;TNFRSF9;G0S2;SGK1;SOCS3;ID2;PLAUR;PLPP3;KLF9;BTG3;CEBPD;ZBTB10;IFNGR2;FJX1;JUN;CDKN1A;IFIT2;PTGS2;F3;TANK;PDE4B;CXCL6;NAMPT;PANX1	Selected Diffuse/EMT clusters	1.15418615498435
HALLMARK_KRAS_SIGNALING_UP	0.19047619047619	0.307219662058372	0.104732821580651	0.499391404615047	1.14926819086807	196	GYPC;CFH;CPE;IGFBP3;CFB;PLAT;GNG11;ANGPTL4;SPARCL1;GFPT2;ENG;GPNMB;TMEM176B;PCSK1N;ALDH1A3;DCBLD2;TMEM176A;TFPI;HSD11B1;SCG5;LY96;AKAP12;MMP11;PLAU;INHBA;SPP1;TMEM158;MMD;PRRX1;ADGRA2;NRP1;ETS1;TMEM100;G0S2;IL33;ITGBL1;GLRX;GUCY1A1;ID2;PLAUR;PDCD1LG2	Selected Diffuse/EMT clusters	1.14926819086807
HALLMARK_ADIPOGENESIS	0.284185493460166	0.44403983353151	0.0815265143256594	0.47182031486236	1.08605471535097	195	CAVIN1;C3;RAB34;LAMA4;PLIN2;ANGPTL4;SPARCL1;HSPB8;APOE;ITIH5;SSPN;CD151;CAVIN2;PGM1;ABCA1;COL4A1;ALDOA;GBE1;SNCG;PTGER3;STOM;RTN3;MYLK;DHRS7;COL15A1;DNAJB9;PHLDB1;REEP5;UBC;GPX3;SULT1A1;ENPP2;ANGPT1;RNF11;LTC4S;FAH	Selected Diffuse/EMT clusters	1.08605471535097
HALLMARK_XENOBIOTIC_METABOLISM	0.314457831325301	0.475635798874005	0.0768736734126542	0.468687877813411	1.07494678064475	190	SERPINE1;IGFBP4;FBLN1;BCAT1;IL1R1;CFB;PTGDS;MT2A;APOE;TNFRSF1A;PROS1;ELOVL5;IGF1;VTN;TMEM176B;ADH5;GABARAPL1;HSD11B1;COMT;FAS;GSTO1;MAN1A1;NINJ1;EPHX1;SSR3;DHRS7;TPST1;PAPSS2;TDO2;PGRMC1;DDAH2;PTGES;PMM1;ID2;PTGR1;CYP27A1;SHMT2;FAH;SLC12A4;CD36;HMOX1;F10;ENPEP;TGFB2	Selected Diffuse/EMT clusters	1.07494678064475
HALLMARK_CHOLESTEROL_HOMEOSTASIS	0.323432343234323	0.475635798874005	0.13880510939114	-0.457029200850844	-1.06496745142301	73	LGALS3;MAL2;CXCL16;LDLR;ETHE1;FABP5;PPARG;PCYT2;ACSS2;ANXA13;FASN;EBP;MVD;TMEM97;CHKA;ATF3;HMGCS1;SREBF2;FDPS;CD9;PMVK;FBXO6;HMGCR;FDFT1;IDI1;CYP51A1	Selected Intestinal clusters	1.06496745142301
HALLMARK_PANCREAS_BETA_CELLS	0.350157728706625	0.486361813076614	0.0855356947987884	0.577099140704118	1.08746225248777	38	SEC11A;SRP14;AKT3	Selected Diffuse/EMT clusters	1.08746225248777
HALLMARK_HEME_METABOLISM	0.350180505415162	0.486361813076614	0.0713052987340038	0.458474069789309	1.0524178637522	191	GYPC;C3;BNIP3L;CTSB;P4HA2;NR3C1;HEBP1;BLVRA;ARL2BP;TNS1;TSPAN5;LAMP2;UROD;BCAM;OPTN;MINPP1;SDCBP;MPP1;YPEL5;PGLS;CIR1;TCEA1;MGST3;CLIC2;MXI1;ADD2;FBXO7;EPOR;ACKR1;BACH1;SLC10A3	Selected Diffuse/EMT clusters	1.0524178637522
HALLMARK_P53_PATHWAY	0.388888888888889	0.525525525525526	0.176694268938498	-0.387288788342197	-1.03060126315012	196	ST14;SFN;PERP;GPX2;ITGB4;SDC1;SERPINB5;TRAF4;EPHA2;EPS8L2;MXD1;TOB1;KIF13B;BTG2;VAMP8;CEBPA;KLF4;DCXR;HBEGF;RETSAT;IRAK1;RPL36;S100A10;TGFA;DEF6;ATF3;RPL18;PDGFA;COQ8A;CTSD;PPP1R15A;RAB40C;KRT17;TNFSF9;FUCA1;MKNK2;RAD9A;IER3;MAPKAPK3;RNF19B;NUDT15;RAP2B;CDKN2B;BAK1;BMP2	Selected Intestinal clusters	1.03060126315012
HALLMARK_NOTCH_SIGNALING	0.485436893203884	0.638732754215636	0.0697792517076235	0.53596629432496	0.989784352579979	32	SKP1;WNT5A;NOTCH3;MAML2;NOTCH2;FZD7;FZD1;ST3GAL6;HEYL;WNT2;DLL1	Selected Diffuse/EMT clusters	0.989784352579979
HALLMARK_WNT_BETA_CATENIN_SIGNALING	0.531297709923664	0.667910447761194	0.0625237414724762	0.501876220900631	0.958958833885844	42	GNAI1;HDAC2;RBPJ;FZD1;DLL1;NCSTN;HEY2;MYC;LEF1;NOTCH4;HEY1;CSNK1E	Selected Diffuse/EMT clusters	0.958958833885844
HALLMARK_REACTIVE_OXYGEN_SPECIES_PATHWAY	0.534328358208955	0.667910447761194	0.0611692626746689	0.488777890305317	0.952286083015244	49	PRNP;PRDX4;PRDX6;SOD2;FTL;ATOX1;PDLIM1;GPX3;GLRX;PTPA;LSP1	Selected Diffuse/EMT clusters	0.952286083015244
HALLMARK_PEROXISOME	0.581560283687943	0.679504973398103	0.103197466945307	-0.383244245122766	-0.952541985772395	103	ACSL5;DHCR24;HSD11B2;PABPC1;FABP6;GSTK1;RETSAT;TOP2A;SULT2B1;EPHX2;FDPS;ALDH1A1;ACOX1;SLC27A2;ACAA1;ACOT8;NR1I2;IDI1;ABCD3;BCL10;CLN6;IDE;IDH1;SLC25A19;HRAS	Selected Intestinal clusters	0.952541985772395
HALLMARK_KRAS_SIGNALING_DN	0.596083231334149	0.679504973398103	0.0468819856878333	0.414303487929036	0.945822199591657	181	IGFBP2;GAMT;SYNPO;SERPINB2;COPZ2;CCDC106;SLC16A7;SELENOP;THNSL2;SGK1;CAMK1D;TGM1;EFHD1;NUDT11;TENM2;NTF3;IFI44L;TGFB2;PTGFR;MX1;PDE6B;TCF7L1;CHST2;TG;ZBTB16;KCNMB1	Selected Diffuse/EMT clusters	0.945822199591657
HALLMARK_UV_RESPONSE_UP	0.597964376590331	0.679504973398103	0.048505983646947	0.420454058294651	0.9414225388521	156	PDLIM3;IGFBP2;IL6ST;ENO2;GRINA;ICAM1;IL6;MMP14;SOD2;ALDOA;UROD;EPHX1;AP2S1;EIF2S3;MGAT1;GPX3;SULT1A1;HSPA13;OLFM1;CDKN1C;NPTX2;CYB5R1;BTG3;DLG4;HMOX1;HSPA2;RRAD;KLHDC3;PPT1;CNP	Selected Diffuse/EMT clusters	0.9414225388521
HALLMARK_APICAL_SURFACE	0.561538461538462	0.679504973398103	0.0602484086158019	0.490617175149827	0.935149734051758	43	THY1;SRPX;DCBLD2;GAS1;HSPB1;PLAUR	Selected Diffuse/EMT clusters	0.935149734051758
HALLMARK_ANDROGEN_RESPONSE	0.675	0.75	0.0469758727821845	0.422916432010971	0.899918360932595	99	LMAN1;B2M;ACTN1;ADAMTS1;ARID5B;ELOVL5;ALDH1A3;MAF;PLPP1;MYL12A;AKAP12;TMEM50A;VAPA;ITGAV;DNAJB9;HSD17B14;SELENOP;SGK1;GUCY1A1;SLC38A2;PGM3;FADS1;SEC24D;ZBTB10;UAP1;GNAI3;NDRG1	Selected Diffuse/EMT clusters	0.899918360932595
HALLMARK_DNA_REPAIR	0.716645489199492	0.778962488260317	0.0401660980049421	0.396654259362273	0.885414227370441	149	NME4;DAD1;TMED2;DUT;ERCC1;EIF1B;SUPT4H1;GSDME;BCAM;USP11;SDCBP;MPG;NME3;CETN2;GTF2H5;RNMT;PDE4B;POLR2G;RPA2;DDB2	Selected Diffuse/EMT clusters	0.885414227370441
HALLMARK_BILE_ACID_METABOLISM	0.841328413284133	0.875006491146077	0.0840745577910723	-0.347227017167368	-0.862963632842552	109	ACSL5;DHCR24;GSTK1;SLC27A5;RETSAT;SULT2B1;EPHX2;TFCP2L1;ALDH1A1;SULT1B1;PXMP2;SLC27A2;NR1I2;PEX16;IDI1;ABCD3;PEX7;NPC1;NR3C2;NR0B2;IDH1	Selected Intestinal clusters	0.862963632842552
HALLMARK_PI3K_AKT_MTOR_SIGNALING	0.843416370106761	0.875006491146077	0.0819778796501272	-0.34177396865104	-0.849817589570444	104	SFN;RPS6KA1;SQSTM1;NFKBIB;MAP2K3;GRK2;CDK1;YWHAB;MKNK2;IL2RG;CFL1;ACACA;E2F1;PAK4;ECSIT;VAV3;CAB39;PIK3R3;RAC1;AKT1;TSC2;HRAS;GNGT1;PRKAR2A;PPP1CA	Selected Intestinal clusters	0.849817589570444
HALLMARK_FATTY_ACID_METABOLISM	0.857506361323155	0.875006491146077	0.0317812506835949	0.366749444350789	0.820730367552659	153	LGALS1;OSTC;LDHA;ENO2;ELOVL5;UBE2L6;PRDX6;SERINC1;BLVRA;MIF;GABARAPL1;ALDOA;UROD;EPHX1;APEX1;TDO2;ECI2;G0S2;LTC4S	Selected Diffuse/EMT clusters	0.820730367552659
HALLMARK_MYC_TARGETS_V1	0.938168846611177	0.938168846611177	0.0236501012290726	0.339272471793178	0.780950832706831	195	NAP1L1;LDHA;PGK1;PRDX4;RPL34;RACK1;YWHAQ;DUT;CDK4;RPL6;PSMA1;AP3S1;NPM1;APEX1;CANX;PWP1;HDAC2;HDDC2;SSB;YWHAE;UBE2E1	Selected Diffuse/EMT clusters	0.780950832706831
